grid_id,mean_score,mean_ghi,high_potential_ratio,building_count,mean_height_proxy_m
34,33.40058545109731,3.280250072479248,0.0,15,9.0
35,35.6926487684436,3.2780001163482666,0.0,9,9.0
36,36.90747815711865,3.2740001678466797,0.0,7,9.0
75,40.45609012066558,3.2820000648498535,0.0,1,9.0
76,35.534386456557456,3.278749942779541,0.0,21,9.0
77,34.33959043782421,3.2755002975463867,0.0,33,9.0
116,41.811054528763385,3.2849998474121094,0.24,25,9.0
117,39.23341645111998,3.28125,0.02127659574468085,47,9.0
157,67.96159367483841,3.28725004196167,1.0,1,9.0
158,41.0479825902484,3.2844998836517334,0.07692307692307693,26,9.0
186,42.27174973894628,3.2869999408721924,0.0,6,9.0
187,43.775198025014134,3.288749933242798,0.2,10,9.0
196,39.84947293718317,3.2932498455047607,0.0,6,9.0
197,41.01202931526481,3.292249917984009,0.0,2,9.0
199,36.42056837482258,3.2875001430511475,0.0,12,9.0
200,40.92262255468277,3.283750057220459,0.0,38,9.0
201,40.30057717936177,3.2795000076293945,0.0410958904109589,73,9.0
227,48.87918026227856,3.2860000133514404,0.75,16,9.46875
228,55.559935894967886,3.288750171661377,1.0,9,9.333333333333334
237,40.10584210660449,3.285750150680542,0.0,1,9.0
238,42.29730303805191,3.285249948501587,0.26666666666666666,15,9.0
239,38.79279787998629,3.2925000190734863,0.07142857142857142,14,9.0
240,42.46296269971138,3.288749933242798,0.5,8,9.0
241,43.75640536888784,3.2860000133514404,0.3125,16,9.0
242,38.18094749142399,3.2825002670288086,0.02702702702702703,148,9.0
268,49.66731885560024,3.2864999771118164,0.5555555555555556,9,9.5
269,48.55351401635487,3.2899999618530273,1.0,2,9.0
270,53.32624752069977,3.2929999828338623,0.8333333333333334,6,9.25
271,54.268420324742316,3.2960000038146973,0.8,5,9.6
274,57.09652491026761,3.2964999675750732,0.9333333333333333,30,37.55333333333333
275,60.14781458875563,3.2977499961853027,1.0,31,32.064516129032256
276,60.4694487809427,3.2964999675750732,1.0,9,35.0
277,39.43918836416378,3.289249897003174,0.2857142857142857,7,9.0
278,40.677194281136494,3.28125,0.0,2,9.0
279,40.25455638845007,3.2909998893737793,0.14285714285714285,21,9.0
280,39.632903675299545,3.29325008392334,0.125,40,9.0
281,39.76473833333058,3.289249897003174,0.07142857142857142,14,9.0
282,44.35722956717974,3.288749933242798,0.42857142857142855,42,9.0
283,39.78637412078263,3.284749984741211,0.019230769230769232,52,9.028846153846153
309,46.31984326350159,3.2855000495910645,0.7142857142857143,7,9.142857142857142
310,51.886185618464395,3.288749933242798,0.6153846153846154,13,9.692307692307692
311,54.51364587689879,3.2929999828338623,1.0,22,10.5
312,57.46724272794012,3.2960000038146973,0.6666666666666666,3,9.5
315,52.263757536298286,3.2987499237060547,0.7192982456140351,57,22.017543859649123
316,60.41152116804801,3.298750162124634,0.9666666666666667,30,48.68333333333333
317,52.67774806788889,3.2990000247955322,0.7692307692307693,39,64.67948717948718
320,41.770997216171004,3.2985000610351562,0.3333333333333333,6,9.0
321,41.452909366172314,3.2960000038146973,0.18181818181818182,11,9.0
322,41.78338715556779,3.2914998531341553,0.19444444444444445,36,9.0
323,42.42487742406404,3.2879998683929443,0.21212121212121213,33,9.0
324,40.26764063593244,3.2864999771118164,0.16666666666666666,18,9.0
350,44.74740495253589,3.284749984741211,0.3888888888888889,18,9.305555555555555
351,46.543121316731316,3.290250062942505,0.4838709677419355,31,9.435483870967742
352,55.05063225112944,3.2939999103546143,1.0,25,10.44
353,70.26665253056431,3.297499895095825,1.0,3,45.0
354,55.072538183856224,3.2985000610351562,1.0,10,9.0
355,53.445953930297264,3.299499988555908,0.6363636363636364,11,9.0
356,42.575755898391435,3.2997500896453857,0.18181818181818182,11,8.272727272727273
357,59.40284791057833,3.3010001182556152,0.9375,16,54.25
358,46.8685647158852,3.30049991607666,0.5263157894736842,19,37.81578947368421
361,49.08831226250716,3.299499988555908,1.0,1,9.0
362,38.708797157637335,3.293750047683716,0.0,12,9.0
363,39.36205506587831,3.282750129699707,0.020833333333333332,48,9.0
364,41.35833293818384,3.272249937057495,0.13043478260869565,23,9.0
365,39.42330144742852,3.2774999141693115,0.045454545454545456,22,9.0
366,36.413037644840024,3.2834999561309814,0.0,13,9.0
367,40.04400165379958,3.2820000648498535,0.34615384615384615,26,9.0
392,49.56660242521342,3.290750026702881,0.6428571428571429,28,9.375
393,46.18719677804034,3.2934999465942383,0.43333333333333335,30,9.1
394,44.29531413494077,3.295499801635742,0.2608695652173913,23,9.108695652173912
395,49.56556667551318,3.2985000610351562,0.7857142857142857,14,9.0
396,52.96592094391552,3.2990000247955322,1.0,15,10.333333333333334
398,44.52043632477912,3.2985000610351562,0.0,1,9.0
399,38.17849258804839,3.2977499961853027,0.14285714285714285,14,9.0
400,41.94819499660384,3.2985000610351562,0.2571428571428571,35,9.0
404,39.81868928482064,3.275749921798706,0.0,6,9.0
406,43.385529806263044,3.259500026702881,0.5,4,9.0
407,36.94124877257297,3.278749942779541,0.0,12,9.0
408,35.333459611738604,3.2755000591278076,0.0,19,9.0
434,48.70038840583629,3.2934999465942383,0.7058823529411765,34,9.264705882352942
435,52.59251389053843,3.2960000038146973,1.0,2,9.0
436,50.51146679512858,3.296750068664551,0.7692307692307693,13,9.0
437,46.57409734136152,3.2980000972747803,0.5142857142857142,35,9.085714285714285
439,26.512978215565724,3.2990002632141113,0.0,1,9.0
440,46.40949171100656,3.2985000610351562,0.6470588235294118,17,9.0
441,40.84452639150918,3.2987499237060547,0.21428571428571427,14,9.0
448,38.65123377425086,3.2717502117156982,0.0,7,9.0
449,39.201972627232706,3.2795000076293945,0.07692307692307693,26,9.0
475,45.171694399342435,3.2934999465942383,0.2619047619047619,42,9.035714285714286
476,43.37867554239179,3.2950000762939453,0.36,25,9.0
477,42.10052817401985,3.2972497940063477,0.36764705882352944,68,9.029411764705882
478,48.76241237795443,3.2980000972747803,0.6086956521739131,23,9.08695652173913
481,43.28856290359012,3.296999931335449,0.3333333333333333,21,9.0
482,47.75958419018472,3.294250011444092,0.6666666666666666,3,9.0
490,38.592361276747674,3.28725004196167,0.0,1,9.0
506,58.90430928763364,3.2864999771118164,1.0,1,9.0
507,59.696035723482034,3.27524995803833,1.0,1,9.0
516,42.27990036686353,3.2934999465942383,0.32727272727272727,55,9.0
517,42.28618048179738,3.2932498455047607,0.33070866141732286,127,9.0
518,45.53076896753064,3.296750068664551,0.5205479452054794,73,9.04109589041096
519,46.16680105960937,3.2975001335144043,0.574468085106383,47,10.329787234042554
522,48.59351476845545,3.296250104904175,0.7777777777777778,9,9.0
523,38.205030530152264,3.2937498092651367,0.0,1,9.0
530,45.366450981599435,3.286750078201294,0.6,15,9.1
531,44.66855461897599,3.291249990463257,0.31343283582089554,67,9.313432835820896
547,43.654220348010675,3.2937498092651367,0.3333333333333333,3,9.0
548,52.072693583741135,3.2869999408721924,0.7142857142857143,21,10.0
557,43.92722666258921,3.29325008392334,0.2727272727272727,11,9.0
558,46.300750840443534,3.2939999103546143,0.5185185185185185,54,9.0
559,44.93331806144501,3.2955000400543213,0.3968253968253968,63,9.761904761904763
560,48.238112627747135,3.2977499961853027,0.7619047619047619,42,10.595238095238095
563,43.6388224869845,3.2980000972747803,0.0,1,9.0
564,43.73034009561706,3.2964999675750732,0.05,20,9.125
571,41.95854674819915,3.2795000076293945,0.008333333333333333,120,9.0
572,41.88633992711723,3.290499687194824,0.06493506493506493,154,9.051948051948052
589,40.84555117520246,3.2962498664855957,0.09375,32,9.0
590,42.94977425362937,3.292250156402588,0.5,2,9.0
591,33.65956369476599,3.2725000381469727,0.0,21,9.0
598,44.617612160655206,3.2932498455047607,0.42857142857142855,7,9.0
599,44.02002921810848,3.292750120162964,0.47619047619047616,42,9.142857142857142
600,44.32154400471423,3.2934999465942383,0.4084507042253521,71,9.67605633802817
601,44.271014631155275,3.2962498664855957,0.4375,32,10.359375
602,62.48774444964954,3.298750162124634,1.0,3,100.0
603,59.09857855802334,3.3015003204345703,1.0,4,77.25
604,47.71079862080236,3.2985000610351562,0.5,4,9.0
605,42.98120752233093,3.2985000610351562,0.02857142857142857,35,9.057142857142857
606,42.90589686805762,3.3012499809265137,0.08333333333333333,12,9.125
607,42.65428904144322,3.292750120162964,0.08333333333333333,12,9.0
608,38.347139858202596,3.2894999980926514,0.05555555555555555,18,9.0
609,39.92782828202492,3.2909998893737793,0.0,2,9.0
610,37.888295506210454,3.2855000495910645,0.0,3,9.0
611,44.439802754043626,3.2869999408721924,0.2857142857142857,14,9.0
612,41.10920001162382,3.291750192642212,0.23529411764705882,17,9.0
613,46.455558289995395,3.2927498817443848,0.6176470588235294,34,9.102941176470589
628,55.44469941025236,3.291749954223633,1.0,1,9.0
629,53.136527885354866,3.301499843597412,1.0,12,10.5
630,44.36257914651404,3.2992501258850098,0.23809523809523808,21,9.5
631,39.797157626970524,3.2965002059936523,0.26865671641791045,67,9.447761194029852
632,34.41224400752611,3.2869999408721924,0.013513513513513514,74,9.0
639,44.71760382946889,3.291749954223633,0.4666666666666667,15,9.0
640,44.715526023386396,3.291749954223633,0.4067796610169492,59,9.0
641,44.62003091043406,3.2939999103546143,0.32786885245901637,61,9.0
642,42.00836069591043,3.2952499389648438,0.2111111111111111,90,9.0
643,48.4606490631404,3.2990000247955322,0.7894736842105263,19,20.05263157894737
644,45.24790632027126,3.3005001544952393,0.5714285714285714,14,19.357142857142858
645,43.99596410782822,3.3000001907348633,0.2,25,9.0
646,43.31558328555313,3.304500102996826,0.2727272727272727,33,9.0
647,42.06783281524724,3.3052499294281006,0.07692307692307693,26,9.0
648,40.77669391913032,3.305500030517578,0.0,37,9.0
649,41.49714090027261,3.301500082015991,0.25,32,9.0
650,40.06544317974788,3.2990002632141113,0.08333333333333333,24,9.0
651,41.421994065388,3.2939999103546143,0.0,15,9.0
652,43.79874938501965,3.297499895095825,0.16666666666666666,30,9.0
653,41.53392833963689,3.299499988555908,0.029411764705882353,34,9.0
654,44.35113491374917,3.2944998741149902,0.25,20,9.225
664,44.12887290368212,3.3167500495910645,0.6,5,9.0
665,38.15945116923016,3.3142499923706055,0.16666666666666666,24,9.0
666,40.856633495552,3.3042497634887695,0.2608695652173913,23,9.0
667,38.887992818615764,3.3015003204345703,0.11538461538461539,52,9.0
669,44.262769646854125,3.3002500534057617,0.2777777777777778,18,9.083333333333334
670,49.01787236106554,3.3010001182556152,0.7111111111111111,45,10.906666666666666
671,48.70835131829443,3.296999931335449,0.6666666666666666,48,11.166666666666666
672,48.07197084106514,3.2932498455047607,0.7,40,10.215
673,42.48309190275025,3.2715001106262207,0.6,5,9.0
678,49.72656161132973,3.283750057220459,0.8888888888888888,27,10.277777777777779
679,50.136648098152556,3.2890000343322754,0.8333333333333334,6,9.25
680,45.09166161429397,3.2899999618530273,0.4,35,9.0
681,42.973216622550204,3.2915000915527344,0.22413793103448276,58,9.0
682,45.39598395209128,3.291749954223633,0.43859649122807015,57,9.0
683,43.46397746162651,3.2950000762939453,0.19753086419753085,81,9.185185185185185
684,44.751355366551564,3.2975001335144043,0.3333333333333333,9,10.777777777777779
685,42.66054123061055,3.2980000972747803,0.0,10,9.0
686,46.48289524473793,3.3007500171661377,0.5416666666666666,48,9.125
687,46.244852173685416,3.3025002479553223,0.5,44,9.056818181818182
688,48.508861576907286,3.307000160217285,0.9047619047619048,21,9.0
689,43.70829799379874,3.307000160217285,0.16666666666666666,6,9.0
690,41.628899510123844,3.304499864578247,0.07142857142857142,14,9.0
691,45.304562216392284,3.3005001544952393,0.8,5,9.0
692,42.68026166334409,3.2985000610351562,0.0,15,9.0
693,43.53390708670201,3.299999952316284,0.045454545454545456,22,9.0
705,43.484362494782715,3.315000057220459,0.25,4,9.0
706,44.45868463869853,3.3132498264312744,0.35714285714285715,14,9.0
707,47.17549353034261,3.311500072479248,0.7692307692307693,13,9.0
708,43.86926263514887,3.3037500381469727,0.3,20,9.05
709,56.03913164040293,3.302999973297119,0.75,4,13.25
710,47.801708753990205,3.3012499809265137,0.6904761904761905,42,12.335476190476191
711,43.49922899519109,3.2995002269744873,0.3287671232876712,73,11.333698630136986
712,44.12374659001511,3.288750171661377,0.3620689655172414,58,9.75
713,45.41886501714105,3.2717502117156982,0.5,12,9.5
719,54.88225723997582,3.279750108718872,1.0,6,10.25
720,46.33283922102795,3.2855000495910645,0.5714285714285714,7,9.214285714285714
721,54.48996112768064,3.288750171661377,0.6,5,9.9
722,46.33918642941154,3.2885000705718994,0.36,50,17.85
723,44.948152619311585,3.290750026702881,0.34146341463414637,41,9.109756097560975
724,45.38767302615641,3.294999837875366,0.5098039215686274,51,9.058823529411764
725,53.56521691266378,3.2972497940063477,0.8181818181818182,11,14.590909090909092
726,56.170356600784245,3.2985000610351562,1.0,5,18.3
727,47.85249321444727,3.302999973297119,1.0,3,9.0
728,52.58281236373852,3.304499864578247,1.0,16,17.96875
729,45.81317051038398,3.3067500591278076,0.6,30,9.55
730,45.67607636526051,3.3077502250671387,1.0,1,9.0
731,41.385148383422546,3.3052499294281006,0.0,1,9.0
732,43.194775433535845,3.301500082015991,0.1875,32,9.203125
733,44.08471106681438,3.30049991607666,0.4444444444444444,9,9.0
746,63.69581941634984,3.313499927520752,1.0,1,9.0
747,51.07817562564974,3.312000036239624,0.9090909090909091,22,9.522727272727273
748,47.021898187844826,3.311000108718872,0.5714285714285714,14,9.75
749,57.692389234846175,3.308499813079834,1.0,7,17.785714285714285
750,46.86248469762113,3.304500102996826,0.7647058823529411,51,14.03921568627451
751,43.62516069111679,3.301500082015991,0.42424242424242425,33,9.818181818181818
752,44.26057838506284,3.2970001697540283,0.35294117647058826,68,9.352941176470589
753,43.39888023210512,3.2864999771118164,0.25925925925925924,27,9.055555555555555
756,53.52582537416528,3.25,1.0,2,9.75
757,45.64335682884382,3.2592499256134033,1.0,1,9.0
762,54.27999589628968,3.2874999046325684,0.8,5,10.2
763,44.89340934435584,3.2890000343322754,0.425,40,12.0
764,43.51318851000696,3.290750026702881,0.2923076923076923,65,9.023076923076923
765,43.5976791197685,3.2945001125335693,0.34615384615384615,52,9.086538461538462
766,46.36262309667145,3.297499895095825,0.2857142857142857,14,10.5
767,50.890092010965496,3.2992498874664307,0.8333333333333334,6,19.0
768,47.028919626646044,3.3012502193450928,0.4,5,9.0
769,44.230283693442786,3.3022499084472656,0.1,10,9.0
770,43.11151674431242,3.308000087738037,0.03571428571428571,28,9.0
771,43.03638071381147,3.3082499504089355,0.0,1,9.0
773,43.64506913721593,3.302999973297119,0.28,25,9.04
787,45.464396716795186,3.312000036239624,0.38095238095238093,42,9.0
788,46.10390784568167,3.309999942779541,0.3333333333333333,24,9.125
789,51.65773294836306,3.309000015258789,0.6,5,9.9
790,53.43667440949884,3.3067500591278076,0.6153846153846154,13,13.73076923076923
791,39.587384102503826,3.303499937057495,0.1927710843373494,83,10.126506024096386
792,37.05272621230458,3.3000001907348633,0.05,60,8.625
793,48.09986646378577,3.295499801635742,0.8,10,13.5
794,45.786889899206194,3.2890000343322754,0.5909090909090909,44,11.272727272727273
795,33.70214966961326,3.2652499675750732,0.06060606060606061,66,9.143939393939394
796,47.40766535154586,3.2699999809265137,0.5,38,9.763157894736842
797,52.199080305746634,3.2679998874664307,0.9545454545454546,22,9.818181818181818
798,47.77380995801055,3.257999897003174,0.6666666666666666,9,9.166666666666666
799,40.374960441003,3.2385001182556152,0.5,2,9.75
802,44.99550290360194,3.276250123977661,0.0,1,9.0
803,47.77287012616962,3.2864999771118164,1.0,1,9.0
804,43.35652742090301,3.2879998683929443,0.2972972972972973,37,9.0
805,43.80496287291491,3.2899999618530273,0.2702702702702703,74,9.0
806,43.883471876925285,3.2940001487731934,0.3235294117647059,68,9.044117647058824
807,53.438953277662975,3.295250177383423,0.8235294117647058,17,35.794117647058826
808,52.594845215477484,3.298250198364258,0.75,12,30.416666666666668
809,50.38787801502732,3.302500009536743,0.5,4,9.375
810,43.50756370701267,3.3042500019073486,0.13157894736842105,38,9.0
811,45.365017978216045,3.3082499504089355,0.39473684210526316,38,9.0
812,64.46225681177073,3.308000087738037,1.0,1,9.0
813,43.10696681124195,3.3052499294281006,0.26666666666666666,15,9.0
814,43.41521432970017,3.3022499084472656,0.05263157894736842,38,9.0
828,47.20779438506154,3.3097500801086426,0.2,10,9.3
829,37.657621645684245,3.3082499504089355,0.0,25,9.0
830,45.479875162296096,3.3077502250671387,0.65,20,9.15
831,47.86338362410572,3.305500030517578,0.4642857142857143,28,9.75
832,53.196580191146005,3.301499843597412,0.8333333333333334,24,24.0625
833,49.79517866089839,3.2977499961853027,0.7333333333333333,45,21.4
834,43.43251354754265,3.2934999465942383,0.0,1,9.0
835,23.69088716382899,3.2890000343322754,0.0,3,9.0
836,56.87476797752298,3.277249813079834,1.0,2,9.75
837,44.7563032277808,3.27275013923645,0.4857142857142857,35,9.885714285714286
838,46.54316373533158,3.273749828338623,0.5882352941176471,17,9.970588235294118
839,51.260419649459664,3.2730000019073486,0.8214285714285714,28,10.625
840,44.30980270569313,3.2704999446868896,0.5,12,9.125
841,38.51227594498516,3.263000011444092,0.0,2,9.0
842,47.04352070735993,3.2719998359680176,1.0,1,9.0
843,42.27661451516419,3.2799997329711914,0.25,44,10.340909090909092
844,48.64610277944212,3.285250186920166,0.5555555555555556,9,14.666666666666666
845,43.959542705762345,3.2855000495910645,0.25,36,9.0
846,45.119848415543856,3.2894999980926514,0.18181818181818182,22,9.0
847,44.889642413040214,3.2929999828338623,0.375,64,9.0
848,47.039761458736244,3.2950000762939453,0.7692307692307693,26,9.173076923076923
849,48.320127359738365,3.2987499237060547,0.5,8,9.1875
850,41.656298192115116,3.302500009536743,0.0,8,9.0
851,48.1543848377601,3.305000066757202,0.5384615384615384,13,9.115384615384615
852,45.54240973839871,3.307500123977661,0.42,50,9.0
853,45.857735052301344,3.3077502250671387,0.5714285714285714,7,9.0
854,41.03862091665015,3.3062500953674316,0.0,7,9.0
855,42.366477736649735,3.3032500743865967,0.0,3,9.0
856,24.700157041053686,3.3012502193450928,0.0,1,9.0
873,52.87072906528024,3.2995002269744873,1.0,2,33.0
874,50.272383821841196,3.295499801635742,0.8571428571428571,14,24.857142857142858
877,42.87288387334534,3.283750057220459,0.6666666666666666,3,9.0
878,51.35232795905995,3.2755000591278076,1.0,1,9.0
879,29.87099951238342,3.2769999504089355,0.0,3,9.0
880,47.96955318961595,3.278250217437744,0.5,10,9.15
881,45.28809611030241,3.2785000801086426,0.47619047619047616,21,9.238095238095237
882,50.488284740337775,3.278749942779541,0.6666666666666666,6,11.5
883,54.042145522056,3.281750202178955,0.8846153846153846,26,39.88461538461539
884,46.07287426224626,3.283750057220459,0.3950617283950617,81,21.191358024691358
885,43.780155712658015,3.284749984741211,0.18,50,9.33
886,45.640698248546975,3.2854998111724854,0.5,32,9.46875
887,46.58040967046057,3.288750171661377,0.5454545454545454,44,14.795454545454545
888,45.86382858435182,3.291749954223633,0.5,30,10.0
889,56.654627377595496,3.2955000400543213,0.875,24,62.166666666666664
890,59.53624886771072,3.2985000610351562,1.0,1,9.0
891,53.85851545810766,3.3015003204345703,0.7142857142857143,7,74.0
893,45.49749723047795,3.3077499866485596,0.35294117647058826,34,9.088235294117647
894,44.99963185897434,3.307499885559082,0.45714285714285713,35,9.257142857142858
895,45.8931899461788,3.306500196456909,0.6666666666666666,3,9.0
896,45.30007111612513,3.304500102996826,0.53125,32,9.703125
926,23.92254662534671,3.2845001220703125,0.0,1,9.0
927,57.67031826203387,3.284249782562256,1.0,4,66.0
928,51.68316128864469,3.286750078201294,0.9411764705882353,17,41.05882352941177
929,52.535498604706895,3.2914998531341553,0.6333333333333333,30,58.2
930,40.93404967856912,3.2944998741149902,0.3,20,9.15
931,64.23228789443141,3.2972497940063477,1.0,2,100.0
932,61.50279208629786,3.2985000610351562,1.0,5,100.0
933,60.45690087026725,3.3027501106262207,0.9473684210526315,19,62.26315789473684
954,33.976825904591344,3.2934999465942383,0.0,1,9.0
955,40.39984888241925,3.29325008392334,0.19047619047619047,21,9.0
956,44.996061861445476,3.285249948501587,0.5,16,9.0
957,45.72718124960905,3.2885000705718994,1.0,1,9.0
971,46.84198475000423,3.290250062942505,0.3333333333333333,6,40.0
972,52.42493682999981,3.2955000400543213,0.9473684210526315,19,28.94736842105263
973,46.34324535125797,3.2975001335144043,0.42857142857142855,7,11.428571428571429
974,63.83481828424078,3.298750162124634,1.0,4,24.0
993,48.901699036314966,3.304999828338623,0.6363636363636364,11,9.0
994,43.38727595525418,3.3042502403259277,0.17567567567567569,74,9.0
995,42.39960703734093,3.2997498512268066,0.16279069767441862,86,9.0
996,41.865741306440626,3.2987499237060547,0.36363636363636365,33,9.0
997,41.4007042229534,3.2950000762939453,0.21428571428571427,28,9.0
998,43.60144179094068,3.2924997806549072,0.3191489361702128,47,9.0
999,48.62977712546687,3.2912497520446777,0.8888888888888888,9,9.0
1000,50.76772599065514,3.288750171661377,1.0,4,9.0
1001,54.970435235543086,3.2855000495910645,1.0,2,9.0
1002,42.34896720740549,3.2840001583099365,0.08823529411764706,34,9.0
1003,43.02457075719658,3.2834999561309814,0.2857142857142857,14,10.214285714285714
1004,58.550327923547385,3.2835001945495605,0.6,15,83.3
1005,41.2100312654897,3.2825000286102295,0.36363636363636365,11,9.0
1006,44.325151084995646,3.2835001945495605,0.41379310344827586,29,9.0
1007,47.23680742564847,3.283249855041504,0.75,4,9.25
1008,47.778939899579925,3.283249855041504,0.8571428571428571,7,18.857142857142858
1009,48.17350631080832,3.28374981880188,1.0,1,10.0
1033,45.639408359056276,3.3092498779296875,0.5714285714285714,7,11.142857142857142
1034,45.52395148885352,3.30649995803833,0.45,20,9.0
1035,44.485897743436354,3.3047499656677246,0.35714285714285715,84,9.0
1036,43.76273621476074,3.3032500743865967,0.30434782608695654,69,9.0
1037,45.91140126046217,3.3002500534057617,0.5102040816326531,49,9.0
1038,43.90286916756204,3.296750068664551,0.29850746268656714,67,9.0
1039,44.018347937551326,3.295499801635742,0.35714285714285715,70,9.0
1040,46.26977291086557,3.2914998531341553,0.5,4,12.25
1041,41.48184304731069,3.2914998531341553,0.03333333333333333,30,9.0
1042,39.89085910790663,3.288249969482422,0.1276595744680851,47,9.0
1043,40.533162369140946,3.2874999046325684,0.08928571428571429,56,9.044642857142858
1044,43.82795150789655,3.286749839782715,0.3939393939393939,33,9.681818181818182
1045,45.30173200455305,3.2864999771118164,0.4482758620689655,29,9.413793103448276
1046,46.10761818772717,3.2855000495910645,0.4375,32,11.328125
1047,36.36405844899319,3.2855000495910645,0.125,176,8.244318181818182
1048,39.55082582243654,3.285250186920166,0.16666666666666666,24,10.416666666666666
1049,42.57714023478472,3.284749984741211,0.27419354838709675,62,10.258064516129032
1050,49.55793455495624,3.2839999198913574,0.7407407407407407,27,29.51851851851852
1066,46.47801082341824,3.320499897003174,0.7142857142857143,14,9.107142857142858
1067,45.595106874300875,3.3227500915527344,0.7916666666666666,48,9.0
1068,47.32872531735932,3.3232498168945312,0.7727272727272727,22,9.0
1069,48.94206067018296,3.322999954223633,0.8888888888888888,9,9.0
1072,45.70665797191702,3.313999891281128,0.6,20,9.0
1073,37.92463657704037,3.3112499713897705,0.3333333333333333,3,9.0
1074,54.82131306174791,3.309000015258789,1.0,4,9.0
1075,48.57648729253746,3.30649995803833,0.7692307692307693,13,9.0
1076,44.999737822352714,3.3052499294281006,0.38461538461538464,52,9.0
1077,44.38276962862122,3.3037500381469727,0.4722222222222222,36,9.0
1078,46.97044590417816,3.3012499809265137,0.6451612903225806,31,9.03225806451613
1079,44.87982816281576,3.298750162124634,0.325,40,9.025
1080,43.765196620542376,3.296999931335449,0.2328767123287671,73,9.0
1081,45.76645934116027,3.2934999465942383,0.5,14,9.928571428571429
1082,42.059439626097046,3.2929999828338623,0.058823529411764705,17,9.0
1083,43.64849778814701,3.2899999618530273,0.35294117647058826,34,9.044117647058824
1084,38.605751786511675,3.288750171661377,0.07446808510638298,94,9.0
1085,32.67847259889882,3.2880001068115234,0.020618556701030927,194,9.02319587628866
1086,37.90798476501156,3.2880001068115234,0.14018691588785046,107,13.22429906542056
1087,46.21914396050063,3.2864999771118164,0.41025641025641024,39,19.26923076923077
1088,40.51305310505759,3.2860000133514404,0.21311475409836064,61,9.01639344262295
1089,40.738046364581216,3.2855000495910645,0.13333333333333333,30,9.0
1090,44.3738009179517,3.2850000858306885,0.2962962962962963,27,9.0
1091,42.653489543178424,3.283750057220459,0.15217391304347827,46,13.195652173913043
1092,42.774674612428896,3.285250186920166,0.0,6,9.0
1093,43.4272131257443,3.2874999046325684,0.15384615384615385,26,9.057692307692308
1094,48.57779344286686,3.2894999980926514,0.7,10,9.15
1095,43.54235686726437,3.2919998168945312,0.35294117647058826,34,9.132352941176471
1096,46.81485072386219,3.2932498455047607,0.76,25,9.0
1097,52.87546935597837,3.295750141143799,0.6666666666666666,6,36.166666666666664
1098,62.284534168475076,3.2972500324249268,1.0,2,14.5
1099,47.88467942464376,3.2990000247955322,1.0,7,9.0
1100,46.885262980186376,3.2992498874664307,0.6428571428571429,14,9.107142857142858
1101,43.476512488024966,3.2990000247955322,0.11290322580645161,62,9.0
1102,43.068050380379006,3.298750162124634,0.07692307692307693,26,11.884615384615385
1103,43.87707945311541,3.2992498874664307,0.3877551020408163,49,20.20408163265306
1107,42.65434479352722,3.3229997158050537,0.08695652173913043,23,9.065217391304348
1108,44.02519620819364,3.325500011444092,0.25,8,9.0
1109,49.78772088994598,3.325500011444092,0.75,8,9.0
1110,49.3353580142962,3.3247499465942383,1.0,7,9.0
1113,51.41013238325091,3.316999912261963,0.9444444444444444,18,9.0
1114,52.5541009385657,3.3117499351501465,1.0,8,9.0
1115,50.35680849186834,3.310999870300293,0.75,12,17.416666666666668
1116,52.130996398702486,3.3097500801086426,0.8,5,9.0
1117,46.26969748539149,3.305000066757202,0.7368421052631579,19,9.0
1118,44.16428498697387,3.3042500019073486,0.25,60,9.0
1119,44.22428312377733,3.301500082015991,0.34328358208955223,67,9.0
1120,44.656152611618076,3.2982499599456787,0.345679012345679,81,9.0
1121,44.04824422445514,3.2975001335144043,0.25609756097560976,82,9.018292682926829
1122,42.728465684794195,3.296250104904175,0.25,12,9.0
1123,59.38429485759573,3.2944998741149902,1.0,3,30.0
1124,54.122193061061104,3.2925000190734863,1.0,5,9.2
1125,42.76701926738351,3.290750026702881,0.20987654320987653,81,16.691358024691358
1126,40.722489088812566,3.2894999980926514,0.1440677966101695,118,9.466101694915254
1127,35.85656549206869,3.288249969482422,0.07954545454545454,264,9.039772727272727
1128,35.911074023788764,3.2874999046325684,0.08955223880597014,134,17.111940298507463
1129,48.43635834271674,3.2849998474121094,0.5,22,13.227272727272727
1130,46.44110751629947,3.2850000858306885,0.5454545454545454,11,9.909090909090908
1131,43.49185085183433,3.2839999198913574,0.14285714285714285,7,9.0
1132,53.28398218537102,3.2835001945495605,0.8333333333333334,12,28.708333333333332
1133,49.1122865975027,3.284749984741211,0.6,5,9.0
1134,48.405920169231365,3.2869999408721924,0.5,2,9.75
1136,48.648948253486964,3.2904999256134033,0.7096774193548387,31,9.419354838709678
1137,47.86569360266777,3.2919998168945312,0.6785714285714286,28,10.178571428571429
1138,52.43141696000542,3.2939999103546143,1.0,2,9.0
1139,61.65662553745756,3.2955000400543213,1.0,1,9.0
1140,43.02292151968665,3.2972500324249268,0.2727272727272727,22,9.0
1141,57.08178247414712,3.2970001697540283,1.0,4,9.75
1142,51.85109413009775,3.2975001335144043,1.0,9,10.5
1143,54.19707497539627,3.2985000610351562,1.0,2,9.0
1150,44.29955592690881,3.3277499675750732,0.5454545454545454,22,9.0
1151,47.35693528881367,3.3257498741149902,0.5454545454545454,11,9.272727272727273
1152,45.07252297068852,3.3247499465942383,0.41379310344827586,29,9.051724137931034
1153,46.538927634621395,3.3224997520446777,0.8,25,9.0
1154,46.98802373163723,3.3177499771118164,0.65,20,9.0
1155,50.641894311884435,3.3157501220703125,0.7307692307692307,26,9.692307692307692
1156,50.545715723192444,3.312000036239624,0.8387096774193549,31,9.919354838709678
1157,48.790700291224205,3.309499979019165,0.8260869565217391,23,11.478260869565217
1158,45.46236843156289,3.3057501316070557,0.34615384615384615,26,9.0
1159,44.874290621872355,3.303999900817871,0.35294117647058826,51,9.0
1160,44.83754888313859,3.302999973297119,0.43333333333333335,60,9.0
1161,43.632609113265985,3.3007500171661377,0.19444444444444445,72,9.0
1162,46.86273905138818,3.299499988555908,0.45454545454545453,11,9.136363636363637
1163,46.945154766454756,3.2980000972747803,0.32142857142857145,28,12.535714285714286
1164,55.43855395131285,3.2957499027252197,0.8333333333333334,12,54.0
1166,40.473364452664896,3.292249917984009,0.14130434782608695,92,9.016304347826088
1167,39.60593599947023,3.2914998531341553,0.08376963350785341,191,9.0
1168,39.330489058985115,3.2894999980926514,0.1187214611872146,219,9.582191780821917
1169,44.27108912586137,3.288249969482422,0.39344262295081966,61,10.573770491803279
1170,42.30774940086127,3.2869999408721924,0.3,10,9.15
1171,47.976473909419994,3.2855000495910645,0.5294117647058824,34,11.867647058823529
1172,38.60885623081294,3.2845001220703125,0.23076923076923078,52,9.076923076923077
1173,45.54760878575399,3.2839999198913574,0.5909090909090909,22,9.0
1174,44.82702165533762,3.2839999198913574,0.4,5,9.0
1181,13.016736460869618,3.295499801635742,0.0,1,9.0
1182,59.858386993383384,3.2964999675750732,1.0,3,36.5
1183,47.27020554138762,3.2967498302459717,1.0,8,9.0
1191,46.00275120492353,3.326249837875366,0.46875,32,9.0
1192,45.57229113639792,3.325500011444092,0.4444444444444444,18,9.0
1193,44.02297419012529,3.324249744415283,0.40540540540540543,37,9.08108108108108
1194,45.96429430327526,3.3222498893737793,0.5681818181818182,44,9.0
1195,47.58387515103083,3.31850004196167,0.7096774193548387,31,9.0
1196,44.741726094705065,3.315000057220459,0.4032258064516129,62,9.07258064516129
1197,46.1141953547023,3.312000036239624,0.4146341463414634,41,9.365853658536585
1198,44.135498193742194,3.310499906539917,0.4262295081967213,61,9.0
1199,43.82754663353231,3.307499885559082,0.2727272727272727,44,9.0
1200,44.42494438497093,3.3057498931884766,0.30303030303030304,66,9.0
1201,45.06326879476696,3.3042500019073486,0.4264705882352941,68,9.0
1202,45.34281054757624,3.302000045776367,0.4603174603174603,63,9.0
1203,44.633779377246135,3.3010001182556152,0.390625,64,9.0234375
1204,46.76302029631219,3.298750162124634,0.4897959183673469,49,10.540816326530612
1205,44.48942057882726,3.2967498302459717,0.375,32,9.0
1206,44.115867742259105,3.2947499752044678,0.25,24,9.0
1207,44.10451800712885,3.291749954223633,0.3125,16,9.09375
1208,39.953853891388235,3.2915000915527344,0.14457831325301204,83,9.072289156626505
1209,42.47632965612161,3.290250062942505,0.22340425531914893,94,10.154255319148936
1210,43.344340660133795,3.2895002365112305,0.25274725274725274,91,10.445054945054945
1211,44.14691246052943,3.2880001068115234,0.35294117647058826,17,9.0
1212,51.95506904039936,3.286749839782715,1.0,1,6.0
1214,61.19105036502367,3.2850000858306885,1.0,2,9.0
1215,49.907625883384036,3.2860000133514404,0.75,8,9.5625
1216,44.24769313246923,3.2880001068115234,0.07142857142857142,28,9.053571428571429
1217,46.52737362451613,3.2894997596740723,0.2,10,9.3
1218,43.647350057780315,3.2909998893737793,0.125,16,9.0
1219,50.64640095316254,3.2919998168945312,1.0,1,9.0
1223,54.242076475280186,3.2964999675750732,0.9444444444444444,18,30.77777777777778
1224,54.002588836113034,3.2975001335144043,1.0,3,27.333333333333332
1232,45.90463656159373,3.3264999389648438,0.71875,32,9.0
1233,47.433694354956465,3.325500011444092,0.42857142857142855,7,18.857142857142858
1234,42.31039415689329,3.322499990463257,0.07407407407407407,81,9.092592592592593
1235,44.34993224457539,3.321000099182129,0.28125,32,9.0
1236,47.81472669152079,3.31850004196167,0.6363636363636364,22,9.0
1237,44.252728967855674,3.315499782562256,0.30612244897959184,49,9.061224489795919
1238,48.83919419383008,3.312999963760376,0.7222222222222222,18,9.5
1239,46.937279175904465,3.311500072479248,0.42857142857142855,14,9.107142857142858
1240,45.79835024704192,3.309000015258789,0.4838709677419355,31,9.0
1241,46.432349287899996,3.30649995803833,0.5588235294117647,34,9.0
1242,44.03875888234282,3.305500030517578,0.32857142857142857,70,9.0
1243,44.58170890065481,3.3027498722076416,0.2692307692307692,52,9.0
1244,44.17577869756352,3.301500082015991,0.2988505747126437,87,9.0
1245,44.06075615148465,3.299499988555908,0.2911392405063291,79,9.0
1246,43.18235750769403,3.297750234603882,0.20952380952380953,105,9.0
1247,43.59971655323086,3.295750141143799,0.2882882882882883,111,9.0
1248,43.426564001022506,3.2939999103546143,0.25225225225225223,111,9.0
1249,42.93704917797167,3.2929999828338623,0.23275862068965517,116,9.0
1250,44.475169864541044,3.2915000915527344,0.367816091954023,87,9.017241379310345
1251,44.647186495052985,3.290750026702881,0.4339622641509434,53,9.028301886792454
1252,38.79733530012821,3.289750099182129,0.0,5,9.0
1256,43.29387550882923,3.28725004196167,0.2222222222222222,9,9.0
1257,49.41225797405859,3.2890000343322754,0.5,4,9.75
1258,51.19667995994433,3.2909998893737793,0.6111111111111112,18,9.5
1259,46.88800191431049,3.291749954223633,0.5666666666666667,30,9.2
1260,45.22813908298446,3.2920000553131104,0.2857142857142857,7,9.0
1261,48.384957998729064,3.2944998741149902,0.9047619047619048,21,9.047619047619047
1273,49.99161413180807,3.3247499465942383,0.75,12,9.5
1274,57.93973403740542,3.322999954223633,0.8333333333333334,6,9.5
1275,50.08573659249429,3.321000099182129,0.8,15,10.0
1276,56.75279900742961,3.3197498321533203,1.0,3,9.0
1277,48.23373913960896,3.316999912261963,0.7272727272727273,11,9.0
1278,44.22430810944598,3.316499710083008,0.3888888888888889,18,9.0
1281,57.02870822438514,3.309499979019165,1.0,1,9.0
1282,46.77711968071195,3.305999994277954,0.5,20,9.0
1283,45.39588709207264,3.305500030517578,0.38,50,9.0
1284,41.54012949859745,3.304500102996826,0.05555555555555555,18,9.0
1285,43.256095812816234,3.302000045776367,0.20987654320987653,81,9.0
1286,44.24248317548691,3.2992501258850098,0.34375,96,9.0
1287,43.77694263122305,3.2977499961853027,0.2604166666666667,96,9.015625
1288,41.95096429938508,3.2964999675750732,0.15833333333333333,120,9.0
1289,42.27463678470753,3.2944998741149902,0.11538461538461539,130,9.0
1290,46.247876912675984,3.2939999103546143,0.4807692307692308,52,9.028846153846153
1291,45.14604041278818,3.2932498455047607,0.3103448275862069,29,9.051724137931034
1292,44.06485219704178,3.291749954223633,0.2765957446808511,47,9.0
1296,44.24274906925399,3.287750244140625,0.14285714285714285,7,9.0
1297,44.1264470256959,3.286750078201294,0.16666666666666666,6,9.0
1298,43.35107128284835,3.2899999618530273,0.0,7,9.0
1299,41.14290981565807,3.2919998168945312,0.0,2,9.0
1300,49.007670065962074,3.292750120162964,0.6111111111111112,18,9.333333333333334
1301,49.71397066910444,3.293750047683716,1.0,6,9.0
1302,47.34859990441016,3.295750141143799,0.32,25,13.5
1314,48.365450797316356,3.3227500915527344,0.6666666666666666,21,9.642857142857142
1315,65.58594279530656,3.320000171661377,1.0,3,10.0
1316,36.98652972262326,3.3202500343322754,0.5,2,10.5
1320,48.79087156081129,3.314499855041504,0.75,24,19.3125
1321,52.25595429708558,3.3122498989105225,1.0,1,9.0
1322,49.299326148574956,3.310500144958496,0.8,5,9.3
1323,45.97213588411154,3.3072500228881836,0.45,20,9.15
1324,47.29634847321775,3.3047502040863037,0.5151515151515151,33,9.0
1325,42.077873108354865,3.304500102996826,0.1724137931034483,29,9.0
1326,44.04480633861772,3.3027501106262207,0.3387096774193548,62,9.0
1327,42.511631793958266,3.2997498512268066,0.296875,64,9.0234375
1328,41.860675239427856,3.2985000610351562,0.1411764705882353,85,9.0
1329,43.02139318858051,3.296750068664551,0.203125,64,9.0
1330,42.53128998015863,3.2950000762939453,0.22772277227722773,101,9.0
1331,43.706363444188085,3.2950000762939453,0.3333333333333333,66,9.0
1332,40.77780773552138,3.293750047683716,0.24242424242424243,132,9.0
1333,44.18979929266863,3.2929999828338623,0.39473684210526316,38,9.026315789473685
1334,44.46222962269812,3.292250156402588,0.3055555555555556,36,9.0
1335,42.842897905919784,3.290750026702881,0.25757575757575757,66,9.0
1336,44.62511490216985,3.290750026702881,0.3287671232876712,73,9.0
1337,45.121441769097,3.28974986076355,0.5348837209302325,43,9.0
1338,44.33895623516602,3.2894999980926514,0.25,4,9.0
1340,46.53992061792137,3.29325008392334,0.4444444444444444,9,9.0
1341,44.296631301854845,3.2939999103546143,0.42857142857142855,49,9.0
1342,47.46920557880177,3.2952499389648438,0.7916666666666666,24,9.0
1343,50.26381256976571,3.2967498302459717,0.9166666666666666,12,9.5
1355,47.20001083332756,3.3217501640319824,0.375,16,9.28125
1356,65.41906788315579,3.321000099182129,1.0,1,9.0
1362,45.92074161193278,3.3117499351501465,0.5,2,9.0
1363,45.8731934004953,3.310999870300293,0.5333333333333333,15,9.0
1364,44.39808397711969,3.3092498779296875,0.21951219512195122,41,9.036585365853659
1365,46.84317052127379,3.3072500228881836,0.6,10,9.0
1366,43.153173596938466,3.305500030517578,0.17142857142857143,35,9.0
1367,42.65398840641496,3.3037500381469727,0.02857142857142857,35,9.0
1368,42.46574944271527,3.302499771118164,0.25,64,9.0
1369,42.648675754701685,3.30049991607666,0.23684210526315788,38,9.078947368421053
1370,42.73829387799087,3.2985000610351562,0.20588235294117646,34,9.044117647058824
1371,45.48516597032673,3.2964999675750732,0.5416666666666666,24,9.0
1372,44.839745000676466,3.296250104904175,0.5,20,9.0
1373,41.83524749395909,3.2950000762939453,0.23076923076923078,13,9.0
1374,44.57404635663548,3.294250011444092,0.2727272727272727,22,9.045454545454545
1375,43.83109311576102,3.2934999465942383,0.28205128205128205,39,9.0
1376,44.92939106785604,3.2925000190734863,0.4166666666666667,36,9.0
1377,43.43391639409441,3.2925000190734863,0.21212121212121213,66,9.0
1378,44.34761572944165,3.2915000915527344,0.2682926829268293,41,9.0
1382,42.49209166836405,3.2952499389648438,0.16,25,9.0
1383,44.62356696580579,3.2964999675750732,0.5,4,9.0
1384,44.906939658733016,3.2977499961853027,0.3125,16,9.0
1396,47.118971098070574,3.321500301361084,0.39285714285714285,28,9.428571428571429
1404,41.93206158948377,3.312000036239624,0.1951219512195122,41,9.0
1405,43.35204735420921,3.311000108718872,0.18604651162790697,43,9.0
1406,44.20869855506426,3.309000015258789,0.2727272727272727,11,9.136363636363637
1407,46.560076236384226,3.308000087738037,1.0,1,9.0
1408,38.995067825005044,3.305999994277954,0.1,10,9.0
1409,44.0504967682748,3.303499937057495,0.2,5,9.0
1410,46.78105334609483,3.301500082015991,0.6065573770491803,61,9.049180327868852
1411,44.95373779354709,3.2990000247955322,0.5714285714285714,7,9.0
1412,45.3559783504593,3.2975001335144043,0.2,5,9.0
1413,54.46624183388699,3.296999931335449,0.75,4,9.375
1416,46.084215610921554,3.2944998741149902,0.6428571428571429,14,9.0
1417,43.85887573800289,3.2944998741149902,0.4666666666666667,15,9.0
1418,42.770285157980986,3.2934999465942383,0.1,20,9.0
1419,43.694234977407184,3.2929999828338623,0.17647058823529413,17,9.0
1423,14.671180329946864,3.2960000038146973,0.0,1,9.0
1437,54.79246454531371,3.320500135421753,0.6666666666666666,3,10.0
1438,60.071800083062264,3.319499969482422,1.0,1,10.5
1445,46.1626952405069,3.314499855041504,1.0,1,9.0
1446,44.67293038397682,3.313500165939331,0.4117647058823529,17,9.0
1447,44.682404442001534,3.3125,0.5333333333333333,15,9.0
1448,42.76805122295302,3.311499834060669,0.2857142857142857,7,9.0
1449,46.39212221690749,3.308499813079834,0.4,5,9.0
1450,43.653103655197015,3.30649995803833,0.35714285714285715,28,9.0
1451,45.68681895305935,3.304499864578247,0.41025641025641024,78,9.038461538461538
1452,43.45802675500208,3.3022499084472656,0.14754098360655737,61,9.0
1453,43.54204454001663,3.3012499809265137,0.058823529411764705,17,9.0
1454,52.99483730799647,3.3000001907348633,1.0,3,9.5
1457,47.88595763000436,3.296999931335449,0.75,8,9.0
1458,50.1749377637479,3.2964999675750732,0.6666666666666666,9,9.166666666666666
1459,47.58820311053911,3.295750141143799,0.8571428571428571,7,9.428571428571429
1460,46.88813233380111,3.2947497367858887,0.47368421052631576,19,9.0
1478,41.12318732923791,3.3202500343322754,0.0,3,9.0
1479,72.57145667370128,3.3187499046325684,1.0,1,10.5
1486,35.20206574199336,3.31850004196167,0.16666666666666666,6,9.0
1487,42.81036712169519,3.3172500133514404,0.15217391304347827,46,11.934782608695652
1488,44.80377020173294,3.314499855041504,0.42857142857142855,7,9.0
1489,48.15738766907632,3.313499927520752,0.6428571428571429,14,9.214285714285714
1492,46.85654625329277,3.30899977684021,0.5714285714285714,49,9.275510204081632
1493,46.81332588933419,3.30649995803833,0.5,14,9.107142857142858
1496,48.67156583281136,3.302999973297119,0.875,8,9.0
1497,57.775267718382516,3.3017501831054688,0.6666666666666666,3,9.5
1498,43.175705472870575,3.3005001544952393,0.03571428571428571,28,9.0
1499,44.34572058655139,3.2997498512268066,0.10526315789473684,19,9.0
1500,44.17643287179689,3.2982499599456787,0.1724137931034483,29,9.0
1501,43.32242889122727,3.296999931335449,0.047619047619047616,21,9.0
1519,43.75884654794055,3.3224997520446777,0.16666666666666666,6,9.333333333333334
1520,49.11829963539366,3.319999933242798,0.7,20,9.45
1527,48.56763722897567,3.3207499980926514,0.625,8,9.5625
1530,51.04152371608091,3.3172497749328613,0.9166666666666666,12,9.0
1533,44.398540378463885,3.312999963760376,0.0,3,9.0
1534,43.447931115076464,3.311499834060669,0.45454545454545453,11,9.0
1537,45.45327678329133,3.306999921798706,0.45454545454545453,11,9.0
1538,44.31201649357941,3.305500030517578,0.2,5,9.0
1539,46.01851009719879,3.303500175476074,0.6,5,9.0
1540,46.25645578374953,3.302500009536743,0.2857142857142857,7,9.0
1541,45.98672363961784,3.3010001182556152,0.40540540540540543,37,11.432432432432432
1542,49.25913409471009,3.2992501258850098,1.0,1,9.0
1560,47.88090631633358,3.320499897003174,1.0,1,9.0
1561,43.210298131071376,3.3212502002716064,0.21052631578947367,19,9.0
1562,43.172203844780284,3.3212502002716064,0.0,1,9.0
1563,45.910970872340215,3.3227500915527344,0.6818181818181818,22,9.0
1564,45.96799899797262,3.3232498168945312,0.5588235294117647,34,9.0
1565,45.02911555036999,3.322999954223633,0.5128205128205128,39,9.038461538461538
1566,45.92417095514287,3.3232498168945312,0.43478260869565216,23,9.0
1567,47.6334839586382,3.322999954223633,0.5714285714285714,7,9.0
1568,43.251247960568385,3.3242502212524414,0.0,4,9.0
1569,45.647105928811925,3.3242502212524414,0.5,4,9.0
1570,38.61076052055269,3.322000026702881,0.5,2,9.0
1574,45.504833271847694,3.317500114440918,0.48,50,9.0
1575,46.55005390956958,3.315499782562256,0.6666666666666666,12,9.0
1579,27.6359033743505,3.308499813079834,0.0,4,9.0
1580,45.33952641173945,3.30649995803833,0.5882352941176471,17,9.0
1601,65.18890339247189,3.32450008392334,1.0,4,10.5
1603,41.01124708359584,3.322499990463257,0.16666666666666666,6,9.0
1604,44.29424203972263,3.3232498168945312,0.5,10,9.0
1605,46.08716140954316,3.3244998455047607,0.6296296296296297,27,9.0
1606,44.843435191286936,3.325500011444092,0.23076923076923078,26,9.0
1607,47.15149310264581,3.326249837875366,0.6111111111111112,18,9.0
1608,48.350252530250145,3.327000141143799,0.6666666666666666,9,9.0
1610,41.6476818248272,3.3264999389648438,0.10714285714285714,28,9.0
1615,43.69624622835823,3.321500062942505,0.25806451612903225,31,9.0
1616,48.318743806376446,3.320499897003174,0.9,10,9.0
1617,44.0376599759153,3.3192501068115234,0.0,15,9.0
1618,44.3424448208645,3.3167500495910645,0.0,16,9.0
1622,42.41395493105878,3.308000087738037,0.23809523809523808,21,9.0
1646,47.48123474949827,3.3264999389648438,0.6666666666666666,3,9.0
1647,45.33555105822702,3.3269999027252197,0.5833333333333334,24,9.0
1648,49.15522739146157,3.3287501335144043,0.75,20,10.15
1649,49.91626510920541,3.328000068664551,0.8095238095238095,21,10.238095238095237
1687,42.992806612699326,3.328249931335449,0.0,1,9.0
1688,64.84048092467056,3.3272500038146973,1.0,1,9.0
